{
    "fortissim2": {
        "params": [
            -0.0017384320817229485, 3.452403295042985, 17.31923136471517
        ],
        "metrics": { "RMSE": 33.73431485456707 },
        "data_length": 4052
    },
    "hiryu": {
        "params": [-0.0073721576433512, 3.8169150178961764, 30.147749558579385],
        "metrics": { "RMSE": 14.686007059087087 },
        "data_length": 8121
    },
    "ICLY": {
        "params": [
            -0.00757815177215563, 0.9354743627261556, 18.573498954780398
        ],
        "metrics": { "RMSE": 2.6834571253410076 },
        "data_length": 770
    },
    "MgCaSi2O6": {
        "params": [
            -0.004245860091712826, 3.5141320519397476, 23.45304406668727
        ],
        "metrics": { "RMSE": 19.377193896623584 },
        "data_length": 13860
    },
    "Reset_": {
        "params": [
            -0.0032554111568293613, 3.1656457724913283, 18.870429267633533
        ],
        "metrics": { "RMSE": 18.195054155123277 },
        "data_length": 2738
    },
    "VinceHD": {
        "params": [
            -0.0022489834154859785, 2.322548660233821, 21.266289368469494
        ],
        "metrics": { "RMSE": 5.748091223806081 },
        "data_length": 6626
    }
}
